name,cuisine,city,rating,price_range,location
The Nizam's Kitchen 1001,Continental,Hyderabad,3.6,₹₹₹,Hitech City
Saffron Stories 1002,American,Hyderabad,3.4,₹₹₹,Kondapur
The Nizam's Kitchen 1003,Hyderabadi,Hyderabad,3.5,₹₹₹,Gachibowli
Saffron Stories 1004,Hyderabadi,Hyderabad,3.5,₹₹₹,Hitech City
Mughlai Magic 1005,Chinese,Hyderabad,3.6,₹₹,Madhapur
Curry Leaf 1006,Hyderabadi,Hyderabad,4.6,₹₹₹,Jubilee Hills
Saffron Stories 1007,Indian,Hyderabad,4.0,₹₹₹,Jubilee Hills
Nawabi Feast 1008,Thai,Hyderabad,4.0,₹₹,Jubilee Hills
Saffron Stories 1009,Hyderabadi,Hyderabad,3.4,₹,Begumpet
Urban Tadka 1010,Mexican,Hyderabad,3.2,₹₹₹₹,Secunderabad
Paradise Flavors 1011,Mughlai,Hyderabad,4.6,₹₹₹₹,Gachibowli
Spicy Affair 1012,American,Hyderabad,4.6,₹₹,Jubilee Hills
Paradise Flavors 1013,Andhra,Hyderabad,3.2,₹,Hitech City
Paradise Flavors 1014,Indian,Hyderabad,4.3,₹₹₹,Gachibowli
Andhra Aroma 1015,Mughlai,Hyderabad,4.8,₹₹₹,Banjara Hills
Mughlai Magic 1016,Italian,Hyderabad,4.0,₹₹,Banjara Hills
Saffron Stories 1017,Mughlai,Hyderabad,4.2,₹₹₹,Banjara Hills
Charminar Treats 1018,Mughlai,Hyderabad,4.8,₹₹,Gachibowli
Nawabi Feast 1019,American,Hyderabad,3.9,₹,Jubilee Hills
Taste of Telangana 1020,Chinese,Hyderabad,4.7,₹,Secunderabad
Urban Tadka 1021,Italian,Hyderabad,3.5,₹,Madhapur
Royal Biryani House 1022,Chinese,Hyderabad,3.1,₹₹₹,Madhapur
Curry Leaf 1023,Thai,Hyderabad,3.1,₹₹₹₹,Jubilee Hills
Bawarchi Delight 1024,Mughlai,Hyderabad,4.0,₹₹,Hitech City
Charminar Treats 1025,Indian,Hyderabad,3.3,₹,Banjara Hills
Mirchi Moments 1026,Chinese,Hyderabad,3.3,₹₹₹₹,Secunderabad
Taste of Telangana 1027,Indian,Hyderabad,4.8,₹₹₹₹,Begumpet
Paradise Flavors 1028,American,Hyderabad,3.3,₹₹₹₹,Kondapur
Mirchi Moments 1029,Mexican,Hyderabad,3.8,₹₹₹₹,Secunderabad
Andhra Aroma 1030,Italian,Hyderabad,4.9,₹₹₹,Begumpet
Charminar Treats 1031,Andhra,Hyderabad,4.1,₹,Gachibowli
Hyderabadi Haveli 1032,Mexican,Hyderabad,3.9,₹,Hitech City
Kebab Factory 1033,Continental,Hyderabad,4.3,₹,Banjara Hills
Mirchi Moments 1034,Italian,Hyderabad,3.5,₹₹,Secunderabad
Zafraan Grill 1035,Continental,Hyderabad,4.7,₹₹,Hitech City
Bawarchi Delight 1036,Andhra,Hyderabad,4.6,₹₹₹₹,Madhapur
Spicy Affair 1037,Hyderabadi,Hyderabad,3.9,₹,Banjara Hills
Paradise Flavors 1038,Mexican,Hyderabad,4.4,₹₹,Secunderabad
Andhra Aroma 1039,Mughlai,Hyderabad,3.5,₹,Kondapur
Royal Biryani House 1040,Mexican,Hyderabad,3.1,₹₹₹,Secunderabad
Curry Leaf 1041,Andhra,Hyderabad,3.4,₹₹,Gachibowli
Zafraan Grill 1042,American,Hyderabad,4.0,₹,Madhapur
Curry Leaf 1043,Italian,Hyderabad,3.2,₹,Jubilee Hills
Mughlai Magic 1044,Continental,Hyderabad,4.7,₹₹₹,Banjara Hills
Taste of Telangana 1045,Continental,Hyderabad,4.5,₹₹₹₹,Hitech City
Charminar Treats 1046,Italian,Hyderabad,3.1,₹₹,Banjara Hills
Curry Leaf 1047,Mughlai,Hyderabad,4.1,₹₹₹,Secunderabad
Curry Leaf 1048,American,Hyderabad,4.2,₹₹,Madhapur
Curry Leaf 1049,Italian,Hyderabad,3.3,₹₹₹,Kondapur
Spicy Affair 1050,Mexican,Hyderabad,3.5,₹,Gachibowli
Saffron Stories 1051,American,Hyderabad,4.7,₹,Hitech City
The Nizam's Kitchen 1052,Thai,Hyderabad,4.9,₹₹₹,Hitech City
Pearl City Tandoor 1053,Continental,Hyderabad,4.5,₹,Kondapur
Taste of Telangana 1054,Thai,Hyderabad,3.9,₹₹,Hitech City
Curry Leaf 1055,Hyderabadi,Hyderabad,3.7,₹₹,Kondapur
Deccan Spice 1056,American,Hyderabad,3.9,₹₹₹,Hitech City
Zafraan Grill 1057,Thai,Hyderabad,5.0,₹₹₹₹,Jubilee Hills
Mughlai Magic 1058,Indian,Hyderabad,4.1,₹,Secunderabad
Pearl City Tandoor 1059,Hyderabadi,Hyderabad,3.8,₹₹₹₹,Jubilee Hills
Charminar Treats 1060,Indian,Hyderabad,4.0,₹₹₹₹,Madhapur
The Nizam's Kitchen 1061,Continental,Hyderabad,4.1,₹₹₹,Begumpet
Paradise Flavors 1062,Hyderabadi,Hyderabad,4.3,₹,Secunderabad
Hyderabadi Haveli 1063,Thai,Hyderabad,3.1,₹₹,Banjara Hills
Urban Tadka 1064,Italian,Hyderabad,3.9,₹,Secunderabad
Nawabi Feast 1065,Indian,Hyderabad,3.4,₹₹,Banjara Hills
Bawarchi Delight 1066,Chinese,Hyderabad,3.6,₹₹₹,Begumpet
The Nizam's Kitchen 1067,Andhra,Hyderabad,3.7,₹₹,Banjara Hills
Zafraan Grill 1068,Italian,Hyderabad,3.1,₹₹₹,Begumpet
Taste of Telangana 1069,Italian,Hyderabad,3.2,₹₹₹,Secunderabad
The Nizam's Kitchen 1070,American,Hyderabad,3.8,₹,Jubilee Hills
Paradise Flavors 1071,Mexican,Hyderabad,3.3,₹₹₹,Hitech City
Paradise Flavors 1072,Thai,Hyderabad,3.5,₹₹₹,Madhapur
The Biryani Palace 1073,Indian,Hyderabad,3.6,₹₹,Kondapur
Pearl City Tandoor 1074,Continental,Hyderabad,4.5,₹,Banjara Hills
Hyderabadi Haveli 1075,Andhra,Hyderabad,3.5,₹₹,Begumpet
Zafraan Grill 1076,Continental,Hyderabad,3.0,₹,Secunderabad
Spicy Affair 1077,Andhra,Hyderabad,3.3,₹,Madhapur
Kebab Factory 1078,Mughlai,Hyderabad,5.0,₹₹₹₹,Secunderabad
Spicy Affair 1079,Indian,Hyderabad,4.7,₹₹₹,Banjara Hills
Deccan Spice 1080,Continental,Hyderabad,4.6,₹,Kondapur
Kebab Factory 1081,American,Hyderabad,3.7,₹₹₹₹,Banjara Hills
Mughlai Magic 1082,Italian,Hyderabad,3.7,₹₹₹₹,Secunderabad
Spicy Affair 1083,Hyderabadi,Hyderabad,5.0,₹₹₹₹,Secunderabad
The Biryani Palace 1084,Hyderabadi,Hyderabad,5.0,₹₹,Begumpet
Zafraan Grill 1085,Chinese,Hyderabad,3.9,₹₹₹₹,Gachibowli
Royal Biryani House 1086,Andhra,Hyderabad,3.1,₹₹₹,Secunderabad
Hyderabadi Haveli 1087,Hyderabadi,Hyderabad,4.5,₹₹,Madhapur
Taste of Telangana 1088,Hyderabadi,Hyderabad,4.0,₹₹,Madhapur
Spicy Affair 1089,Mexican,Hyderabad,4.2,₹₹₹,Secunderabad
Paradise Flavors 1090,Italian,Hyderabad,4.4,₹₹,Madhapur
Paradise Flavors 1091,Mexican,Hyderabad,4.2,₹,Madhapur
Spicy Affair 1092,Italian,Hyderabad,4.5,₹,Secunderabad
Zafraan Grill 1093,Hyderabadi,Hyderabad,4.3,₹,Banjara Hills
Deccan Spice 1094,Indian,Hyderabad,3.2,₹₹₹₹,Begumpet
Nawabi Feast 1095,American,Hyderabad,4.9,₹₹₹₹,Jubilee Hills
Hyderabadi Haveli 1096,Mughlai,Hyderabad,3.3,₹₹₹,Begumpet
The Biryani Palace 1097,Chinese,Hyderabad,4.4,₹₹₹₹,Secunderabad
Mirchi Moments 1098,Hyderabadi,Hyderabad,4.8,₹,Begumpet
Deccan Spice 1099,American,Hyderabad,4.8,₹₹₹₹,Begumpet
Mughlai Magic 1100,Indian,Hyderabad,4.9,₹₹₹,Secunderabad
Saffron Stories 1101,Chinese,Hyderabad,4.6,₹₹,Begumpet
Bawarchi Delight 1102,Hyderabadi,Hyderabad,4.0,₹₹₹₹,Banjara Hills
Andhra Aroma 1103,Mughlai,Hyderabad,4.3,₹,Banjara Hills
The Nizam's Kitchen 1104,American,Hyderabad,3.9,₹₹,Gachibowli
Paradise Flavors 1105,Mexican,Hyderabad,3.5,₹₹₹,Banjara Hills
Zafraan Grill 1106,Mexican,Hyderabad,3.7,₹₹,Jubilee Hills
Royal Biryani House 1107,Indian,Hyderabad,4.2,₹₹₹₹,Gachibowli
The Biryani Palace 1108,American,Hyderabad,4.9,₹₹,Gachibowli
Saffron Stories 1109,Italian,Hyderabad,4.1,₹₹₹₹,Kondapur
Mughlai Magic 1110,Thai,Hyderabad,3.2,₹₹₹₹,Banjara Hills
Deccan Spice 1111,Chinese,Hyderabad,4.8,₹₹,Banjara Hills
Deccan Spice 1112,Indian,Hyderabad,4.5,₹₹₹,Begumpet
Charminar Treats 1113,Mexican,Hyderabad,5.0,₹₹₹,Gachibowli
Bawarchi Delight 1114,Mexican,Hyderabad,4.8,₹₹₹₹,Secunderabad
Mughlai Magic 1115,Indian,Hyderabad,3.4,₹,Begumpet
Saffron Stories 1116,Indian,Hyderabad,4.0,₹₹₹₹,Gachibowli
Taste of Telangana 1117,Mughlai,Hyderabad,4.5,₹,Madhapur
Taste of Telangana 1118,Mexican,Hyderabad,3.8,₹₹₹,Kondapur
Curry Leaf 1119,Thai,Hyderabad,3.3,₹,Gachibowli
Bawarchi Delight 1120,Andhra,Hyderabad,3.1,₹₹₹,Banjara Hills
Urban Tadka 1121,Chinese,Hyderabad,4.6,₹₹,Begumpet
Hyderabadi Haveli 1122,Italian,Hyderabad,3.6,₹₹₹,Begumpet
Zafraan Grill 1123,Mughlai,Hyderabad,3.0,₹₹,Kondapur
Pearl City Tandoor 1124,Continental,Hyderabad,4.9,₹₹₹,Madhapur
Charminar Treats 1125,Thai,Hyderabad,4.7,₹₹₹,Banjara Hills
Kebab Factory 1126,Mughlai,Hyderabad,3.5,₹,Secunderabad
Mirchi Moments 1127,American,Hyderabad,4.9,₹,Banjara Hills
Curry Leaf 1128,Continental,Hyderabad,4.2,₹₹₹,Madhapur
Mirchi Moments 1129,Chinese,Hyderabad,4.8,₹₹₹,Hitech City
Hyderabadi Haveli 1130,Andhra,Hyderabad,3.7,₹₹₹₹,Madhapur
Bawarchi Delight 1131,Mexican,Hyderabad,3.3,₹₹₹,Banjara Hills
Hyderabadi Haveli 1132,Mexican,Hyderabad,3.9,₹₹,Kondapur
The Nizam's Kitchen 1133,Thai,Hyderabad,3.9,₹₹,Begumpet
Taste of Telangana 1134,Mexican,Hyderabad,3.3,₹₹₹₹,Jubilee Hills
Mughlai Magic 1135,Indian,Hyderabad,5.0,₹₹,Madhapur
Charminar Treats 1136,Thai,Hyderabad,4.3,₹₹,Jubilee Hills
Hyderabadi Haveli 1137,American,Hyderabad,4.2,₹₹₹₹,Kondapur
Pearl City Tandoor 1138,Mughlai,Hyderabad,3.7,₹,Kondapur
Urban Tadka 1139,Mexican,Hyderabad,4.6,₹,Secunderabad
Paradise Flavors 1140,American,Hyderabad,4.8,₹₹₹,Madhapur
Bawarchi Delight 1141,Andhra,Hyderabad,3.2,₹₹₹,Banjara Hills
Andhra Aroma 1142,Italian,Hyderabad,3.9,₹₹,Hitech City
Urban Tadka 1143,Italian,Hyderabad,4.1,₹₹₹₹,Begumpet
The Biryani Palace 1144,Mughlai,Hyderabad,4.6,₹,Madhapur
Hyderabadi Haveli 1145,Continental,Hyderabad,4.6,₹₹₹,Hitech City
Nawabi Feast 1146,Mexican,Hyderabad,5.0,₹₹,Begumpet
Urban Tadka 1147,Indian,Hyderabad,4.2,₹,Jubilee Hills
Mirchi Moments 1148,Italian,Hyderabad,3.6,₹₹₹₹,Begumpet
Saffron Stories 1149,Italian,Hyderabad,4.4,₹,Gachibowli
Andhra Aroma 1150,Continental,Hyderabad,3.3,₹₹,Jubilee Hills
Hyderabadi Haveli 1151,Indian,Hyderabad,3.9,₹₹₹₹,Madhapur
Charminar Treats 1152,Italian,Hyderabad,4.5,₹,Begumpet
Charminar Treats 1153,Thai,Hyderabad,3.4,₹₹₹,Hitech City
Mirchi Moments 1154,Mexican,Hyderabad,3.6,₹₹₹₹,Kondapur
Charminar Treats 1155,Andhra,Hyderabad,5.0,₹₹₹₹,Secunderabad
Paradise Flavors 1156,American,Hyderabad,3.0,₹,Banjara Hills
Taste of Telangana 1157,Hyderabadi,Hyderabad,3.1,₹,Banjara Hills
Paradise Flavors 1158,Chinese,Hyderabad,4.2,₹₹₹₹,Banjara Hills
The Biryani Palace 1159,Thai,Hyderabad,3.5,₹₹₹₹,Secunderabad
Mirchi Moments 1160,American,Hyderabad,3.1,₹₹₹₹,Jubilee Hills
Nawabi Feast 1161,Chinese,Hyderabad,3.2,₹,Secunderabad
Spicy Affair 1162,Hyderabadi,Hyderabad,3.1,₹₹,Kondapur
The Biryani Palace 1163,Mughlai,Hyderabad,4.3,₹₹₹₹,Secunderabad
Taste of Telangana 1164,Mughlai,Hyderabad,3.4,₹,Secunderabad
Royal Biryani House 1165,Thai,Hyderabad,4.2,₹₹₹,Secunderabad
Andhra Aroma 1166,Mexican,Hyderabad,4.9,₹₹₹,Gachibowli
Paradise Flavors 1167,Mughlai,Hyderabad,3.9,₹₹,Gachibowli
Zafraan Grill 1168,Mexican,Hyderabad,4.8,₹,Kondapur
Mughlai Magic 1169,Thai,Hyderabad,4.4,₹₹₹,Kondapur
Andhra Aroma 1170,Andhra,Hyderabad,3.2,₹,Jubilee Hills
Bawarchi Delight 1171,Indian,Hyderabad,3.8,₹,Madhapur
Andhra Aroma 1172,Hyderabadi,Hyderabad,4.8,₹₹,Madhapur
Deccan Spice 1173,Thai,Hyderabad,4.8,₹₹₹₹,Secunderabad
Taste of Telangana 1174,Chinese,Hyderabad,4.0,₹₹,Hitech City
Mughlai Magic 1175,American,Hyderabad,3.5,₹₹₹₹,Banjara Hills
Hyderabadi Haveli 1176,Italian,Hyderabad,4.3,₹₹,Begumpet
Zafraan Grill 1177,Hyderabadi,Hyderabad,4.0,₹₹₹₹,Begumpet
Mirchi Moments 1178,Indian,Hyderabad,4.1,₹₹₹₹,Jubilee Hills
Urban Tadka 1179,Mughlai,Hyderabad,4.8,₹₹,Jubilee Hills
Mirchi Moments 1180,Continental,Hyderabad,4.0,₹₹₹₹,Kondapur
Kebab Factory 1181,Indian,Hyderabad,5.0,₹,Jubilee Hills
Royal Biryani House 1182,Italian,Hyderabad,3.5,₹₹,Kondapur
Pearl City Tandoor 1183,Mexican,Hyderabad,4.5,₹₹,Kondapur
Pearl City Tandoor 1184,Chinese,Hyderabad,3.8,₹,Jubilee Hills
Zafraan Grill 1185,Chinese,Hyderabad,4.1,₹₹,Begumpet
Kebab Factory 1186,Indian,Hyderabad,4.1,₹₹₹,Kondapur
Kebab Factory 1187,Hyderabadi,Hyderabad,4.2,₹₹₹₹,Begumpet
Royal Biryani House 1188,American,Hyderabad,3.2,₹₹₹₹,Jubilee Hills
Nawabi Feast 1189,Continental,Hyderabad,4.9,₹₹,Banjara Hills
Royal Biryani House 1190,Andhra,Hyderabad,4.6,₹₹,Hitech City
Deccan Spice 1191,Andhra,Hyderabad,3.9,₹₹,Gachibowli
Spicy Affair 1192,Mughlai,Hyderabad,4.5,₹₹₹₹,Jubilee Hills
The Nizam's Kitchen 1193,Indian,Hyderabad,5.0,₹₹,Gachibowli
Urban Tadka 1194,Continental,Hyderabad,4.4,₹₹,Banjara Hills
Nawabi Feast 1195,Chinese,Hyderabad,4.7,₹,Madhapur
Saffron Stories 1196,American,Hyderabad,4.3,₹₹,Gachibowli
Royal Biryani House 1197,Mughlai,Hyderabad,4.1,₹₹,Kondapur
Deccan Spice 1198,Mughlai,Hyderabad,3.7,₹₹₹₹,Begumpet
Kebab Factory 1199,American,Hyderabad,3.7,₹,Jubilee Hills
Hyderabadi Haveli 1200,Chinese,Hyderabad,4.6,₹,Secunderabad
Royal Biryani House 1201,Mughlai,Hyderabad,3.1,₹,Gachibowli
Charminar Treats 1202,Hyderabadi,Hyderabad,5.0,₹,Banjara Hills
Andhra Aroma 1203,Andhra,Hyderabad,3.7,₹₹₹,Secunderabad
Curry Leaf 1204,Thai,Hyderabad,3.4,₹₹,Begumpet
Hyderabadi Haveli 1205,Andhra,Hyderabad,3.4,₹₹₹₹,Begumpet
Andhra Aroma 1206,Mexican,Hyderabad,3.9,₹,Jubilee Hills
Nawabi Feast 1207,Mexican,Hyderabad,4.7,₹₹₹₹,Banjara Hills
Pearl City Tandoor 1208,Andhra,Hyderabad,3.9,₹₹₹₹,Secunderabad
Royal Biryani House 1209,Hyderabadi,Hyderabad,4.3,₹₹,Jubilee Hills
Urban Tadka 1210,Mexican,Hyderabad,3.5,₹₹₹₹,Hitech City
The Biryani Palace 1211,Thai,Hyderabad,4.2,₹,Jubilee Hills
Pearl City Tandoor 1212,Continental,Hyderabad,3.3,₹₹₹₹,Secunderabad
The Biryani Palace 1213,Mexican,Hyderabad,3.7,₹,Hitech City
Zafraan Grill 1214,American,Hyderabad,4.5,₹,Hitech City
The Biryani Palace 1215,Mexican,Hyderabad,3.5,₹,Secunderabad
Kebab Factory 1216,Mexican,Hyderabad,4.1,₹₹₹,Gachibowli
Deccan Spice 1217,Italian,Hyderabad,3.6,₹₹₹₹,Secunderabad
Pearl City Tandoor 1218,Italian,Hyderabad,3.9,₹₹,Madhapur
The Nizam's Kitchen 1219,Thai,Hyderabad,4.2,₹,Secunderabad
Mirchi Moments 1220,Italian,Hyderabad,3.9,₹₹₹₹,Hitech City
The Biryani Palace 1221,American,Hyderabad,3.9,₹₹₹,Kondapur
Nawabi Feast 1222,Mexican,Hyderabad,3.6,₹₹₹,Gachibowli
Urban Tadka 1223,Mexican,Hyderabad,5.0,₹₹,Begumpet
The Biryani Palace 1224,Andhra,Hyderabad,3.5,₹₹,Banjara Hills
Saffron Stories 1225,Indian,Hyderabad,3.4,₹₹₹,Gachibowli
Paradise Flavors 1226,Chinese,Hyderabad,3.1,₹₹₹₹,Begumpet
Zafraan Grill 1227,Italian,Hyderabad,3.5,₹,Madhapur
The Biryani Palace 1228,Mughlai,Hyderabad,4.2,₹₹₹₹,Secunderabad
Taste of Telangana 1229,Indian,Hyderabad,3.3,₹₹₹,Gachibowli
Bawarchi Delight 1230,American,Hyderabad,3.5,₹₹₹₹,Secunderabad
Curry Leaf 1231,Mughlai,Hyderabad,3.4,₹₹,Banjara Hills
Royal Biryani House 1232,Indian,Hyderabad,3.5,₹,Jubilee Hills
Andhra Aroma 1233,Italian,Hyderabad,4.8,₹₹₹,Kondapur
Royal Biryani House 1234,Thai,Hyderabad,4.6,₹₹₹₹,Hitech City
Curry Leaf 1235,Mughlai,Hyderabad,4.8,₹₹₹₹,Kondapur
Charminar Treats 1236,Mexican,Hyderabad,4.3,₹,Begumpet
Mughlai Magic 1237,Hyderabadi,Hyderabad,4.2,₹₹₹,Gachibowli
Charminar Treats 1238,Continental,Hyderabad,4.3,₹₹₹,Gachibowli
The Nizam's Kitchen 1239,Andhra,Hyderabad,4.9,₹₹₹,Banjara Hills
Saffron Stories 1240,Mughlai,Hyderabad,4.8,₹₹₹,Secunderabad
Royal Biryani House 1241,Italian,Hyderabad,4.1,₹₹₹₹,Gachibowli
The Biryani Palace 1242,American,Hyderabad,4.9,₹₹₹₹,Hitech City
The Nizam's Kitchen 1243,Hyderabadi,Hyderabad,4.2,₹₹₹,Begumpet
Hyderabadi Haveli 1244,Thai,Hyderabad,3.6,₹₹₹₹,Begumpet
Saffron Stories 1245,Italian,Hyderabad,4.5,₹₹,Secunderabad
Nawabi Feast 1246,Andhra,Hyderabad,3.6,₹,Secunderabad
Nawabi Feast 1247,Mexican,Hyderabad,4.8,₹₹₹₹,Gachibowli
Mirchi Moments 1248,American,Hyderabad,4.6,₹₹₹₹,Hitech City
Bawarchi Delight 1249,Hyderabadi,Hyderabad,4.4,₹₹₹₹,Secunderabad
Spicy Affair 1250,Hyderabadi,Hyderabad,3.8,₹₹₹₹,Jubilee Hills
Mughlai Magic 1251,Continental,Hyderabad,3.6,₹₹₹₹,Gachibowli
Curry Leaf 1252,Hyderabadi,Hyderabad,3.0,₹₹₹,Jubilee Hills
Curry Leaf 1253,Thai,Hyderabad,4.7,₹₹₹₹,Kondapur
Kebab Factory 1254,Indian,Hyderabad,4.1,₹,Banjara Hills
Mughlai Magic 1255,Indian,Hyderabad,3.4,₹,Hitech City
Taste of Telangana 1256,Italian,Hyderabad,3.4,₹₹₹,Madhapur
Curry Leaf 1257,Indian,Hyderabad,4.5,₹₹₹₹,Hitech City
Spicy Affair 1258,Chinese,Hyderabad,4.6,₹,Begumpet
Urban Tadka 1259,Continental,Hyderabad,3.3,₹₹,Hitech City
Zafraan Grill 1260,Andhra,Hyderabad,4.0,₹₹₹,Jubilee Hills
Deccan Spice 1261,American,Hyderabad,4.6,₹₹,Begumpet
Zafraan Grill 1262,American,Hyderabad,4.9,₹,Hitech City
Mirchi Moments 1263,Continental,Hyderabad,5.0,₹₹₹₹,Hitech City
Charminar Treats 1264,Indian,Hyderabad,4.9,₹₹₹₹,Gachibowli
Taste of Telangana 1265,Italian,Hyderabad,4.0,₹₹₹₹,Banjara Hills
Kebab Factory 1266,Mughlai,Hyderabad,3.2,₹₹₹,Banjara Hills
Hyderabadi Haveli 1267,American,Hyderabad,4.1,₹₹₹,Begumpet
Paradise Flavors 1268,Continental,Hyderabad,3.9,₹₹₹₹,Hitech City
Deccan Spice 1269,American,Hyderabad,4.8,₹₹,Hitech City
Nawabi Feast 1270,Continental,Hyderabad,3.7,₹,Kondapur
Hyderabadi Haveli 1271,Chinese,Hyderabad,4.6,₹₹₹,Kondapur
Mughlai Magic 1272,Continental,Hyderabad,3.9,₹₹,Banjara Hills
The Biryani Palace 1273,Hyderabadi,Hyderabad,3.9,₹₹₹₹,Secunderabad
Royal Biryani House 1274,Continental,Hyderabad,4.5,₹₹,Kondapur
Paradise Flavors 1275,Italian,Hyderabad,4.6,₹₹,Gachibowli
Charminar Treats 1276,Mexican,Hyderabad,4.8,₹₹,Secunderabad
Bawarchi Delight 1277,Andhra,Hyderabad,3.1,₹₹,Hitech City
Saffron Stories 1278,Indian,Hyderabad,4.7,₹₹,Kondapur
Mughlai Magic 1279,Hyderabadi,Hyderabad,4.8,₹₹,Madhapur
The Biryani Palace 1280,Hyderabadi,Hyderabad,3.4,₹₹₹₹,Gachibowli
Deccan Spice 1281,Mughlai,Hyderabad,4.9,₹₹₹,Hitech City
Spicy Affair 1282,Chinese,Hyderabad,4.0,₹₹,Gachibowli
Taste of Telangana 1283,Mughlai,Hyderabad,4.2,₹₹,Kondapur
Spicy Affair 1284,Indian,Hyderabad,4.8,₹₹,Banjara Hills
The Nizam's Kitchen 1285,Mughlai,Hyderabad,3.9,₹₹₹,Banjara Hills
Paradise Flavors 1286,Mexican,Hyderabad,3.4,₹₹,Secunderabad
Urban Tadka 1287,American,Hyderabad,3.3,₹₹₹₹,Kondapur
Taste of Telangana 1288,Thai,Hyderabad,3.1,₹₹₹,Begumpet
Bawarchi Delight 1289,Andhra,Hyderabad,4.5,₹₹₹₹,Jubilee Hills
The Nizam's Kitchen 1290,Hyderabadi,Hyderabad,4.2,₹₹₹₹,Secunderabad
Pearl City Tandoor 1291,Indian,Hyderabad,4.7,₹,Hitech City
Royal Biryani House 1292,Mexican,Hyderabad,3.5,₹,Jubilee Hills
Taste of Telangana 1293,Indian,Hyderabad,3.3,₹₹₹₹,Jubilee Hills
Zafraan Grill 1294,Andhra,Hyderabad,4.0,₹,Gachibowli
Deccan Spice 1295,Mughlai,Hyderabad,4.9,₹₹,Secunderabad
Mirchi Moments 1296,Chinese,Hyderabad,3.5,₹₹₹,Gachibowli
Mirchi Moments 1297,Mughlai,Hyderabad,4.2,₹,Secunderabad
Nawabi Feast 1298,Italian,Hyderabad,4.2,₹,Begumpet
Mirchi Moments 1299,Mughlai,Hyderabad,3.7,₹,Kondapur
Charminar Treats 1300,Continental,Hyderabad,4.5,₹₹₹,Jubilee Hills
Paradise Flavors 1301,Hyderabadi,Hyderabad,3.5,₹₹₹₹,Hitech City
The Biryani Palace 1302,Continental,Hyderabad,3.2,₹₹₹₹,Hitech City
The Biryani Palace 1303,Hyderabadi,Hyderabad,3.4,₹₹,Madhapur
Mirchi Moments 1304,Continental,Hyderabad,4.0,₹,Banjara Hills
Charminar Treats 1305,Thai,Hyderabad,4.1,₹₹₹₹,Gachibowli
Pearl City Tandoor 1306,Chinese,Hyderabad,3.2,₹,Secunderabad
The Nizam's Kitchen 1307,Indian,Hyderabad,3.7,₹₹₹₹,Madhapur
Paradise Flavors 1308,Thai,Hyderabad,4.2,₹,Begumpet
Spicy Affair 1309,Indian,Hyderabad,4.4,₹₹₹₹,Banjara Hills
Paradise Flavors 1310,Hyderabadi,Hyderabad,3.4,₹,Jubilee Hills
Spicy Affair 1311,Mughlai,Hyderabad,4.0,₹,Secunderabad
Royal Biryani House 1312,Mughlai,Hyderabad,3.2,₹₹₹,Kondapur
Andhra Aroma 1313,Chinese,Hyderabad,5.0,₹₹,Jubilee Hills
Pearl City Tandoor 1314,Continental,Hyderabad,3.4,₹₹₹,Gachibowli
Royal Biryani House 1315,Mughlai,Hyderabad,3.4,₹₹₹,Banjara Hills
Hyderabadi Haveli 1316,Mexican,Hyderabad,4.3,₹₹₹₹,Gachibowli
Zafraan Grill 1317,Italian,Hyderabad,4.8,₹₹,Hitech City
Urban Tadka 1318,Continental,Hyderabad,4.7,₹₹₹,Hitech City
Kebab Factory 1319,American,Hyderabad,3.8,₹₹₹₹,Madhapur
Pearl City Tandoor 1320,Chinese,Hyderabad,4.3,₹₹₹,Jubilee Hills
Nawabi Feast 1321,Indian,Hyderabad,4.5,₹,Madhapur
Saffron Stories 1322,Thai,Hyderabad,3.1,₹,Banjara Hills
Spicy Affair 1323,Thai,Hyderabad,4.7,₹₹,Gachibowli
Saffron Stories 1324,Indian,Hyderabad,4.4,₹₹₹,Hitech City
The Biryani Palace 1325,Continental,Hyderabad,3.6,₹₹₹,Begumpet
Mirchi Moments 1326,Continental,Hyderabad,4.7,₹₹,Hitech City
Bawarchi Delight 1327,Thai,Hyderabad,3.6,₹₹₹₹,Kondapur
The Nizam's Kitchen 1328,Continental,Hyderabad,3.3,₹₹,Begumpet
Pearl City Tandoor 1329,Mexican,Hyderabad,4.1,₹₹₹,Kondapur
Mirchi Moments 1330,Mexican,Hyderabad,4.6,₹,Gachibowli
Taste of Telangana 1331,Thai,Hyderabad,4.0,₹₹,Madhapur
The Biryani Palace 1332,Thai,Hyderabad,4.2,₹₹₹₹,Secunderabad
Zafraan Grill 1333,American,Hyderabad,4.0,₹₹₹,Kondapur
Mirchi Moments 1334,Continental,Hyderabad,3.7,₹₹₹,Banjara Hills
Paradise Flavors 1335,American,Hyderabad,4.5,₹₹₹,Gachibowli
Pearl City Tandoor 1336,Continental,Hyderabad,4.9,₹,Hitech City
Saffron Stories 1337,Continental,Hyderabad,3.7,₹₹₹,Secunderabad
The Biryani Palace 1338,Continental,Hyderabad,3.9,₹,Gachibowli
Charminar Treats 1339,Andhra,Hyderabad,3.4,₹₹₹₹,Jubilee Hills
Urban Tadka 1340,Chinese,Hyderabad,4.7,₹₹₹₹,Madhapur
Saffron Stories 1341,Mexican,Hyderabad,3.0,₹,Hitech City
Mughlai Magic 1342,Andhra,Hyderabad,5.0,₹₹₹₹,Madhapur
Hyderabadi Haveli 1343,Thai,Hyderabad,3.8,₹₹₹,Kondapur
The Biryani Palace 1344,Mexican,Hyderabad,4.0,₹₹₹,Madhapur
The Biryani Palace 1345,Thai,Hyderabad,3.9,₹,Kondapur
Royal Biryani House 1346,Thai,Hyderabad,3.4,₹₹,Gachibowli
Paradise Flavors 1347,American,Hyderabad,4.3,₹₹₹,Jubilee Hills
Andhra Aroma 1348,Hyderabadi,Hyderabad,3.3,₹₹₹₹,Banjara Hills
Deccan Spice 1349,Andhra,Hyderabad,4.9,₹₹₹,Madhapur
Saffron Stories 1350,Italian,Hyderabad,5.0,₹,Hitech City
Saffron Stories 1351,Continental,Hyderabad,3.8,₹₹₹₹,Madhapur
Saffron Stories 1352,Mexican,Hyderabad,3.3,₹₹₹,Secunderabad
Paradise Flavors 1353,Italian,Hyderabad,3.7,₹₹₹,Madhapur
Urban Tadka 1354,Mexican,Hyderabad,4.9,₹₹₹,Secunderabad
Spicy Affair 1355,Mughlai,Hyderabad,3.1,₹₹₹₹,Kondapur
Royal Biryani House 1356,American,Hyderabad,4.8,₹,Hitech City
Mirchi Moments 1357,Mughlai,Hyderabad,4.2,₹₹,Banjara Hills
Andhra Aroma 1358,Indian,Hyderabad,3.4,₹,Gachibowli
Hyderabadi Haveli 1359,Hyderabadi,Hyderabad,4.8,₹₹₹₹,Jubilee Hills
Mirchi Moments 1360,Thai,Hyderabad,3.0,₹,Begumpet
Hyderabadi Haveli 1361,Thai,Hyderabad,4.5,₹₹₹,Jubilee Hills
Zafraan Grill 1362,Continental,Hyderabad,3.3,₹,Secunderabad
Taste of Telangana 1363,Mexican,Hyderabad,3.8,₹,Hitech City
Mughlai Magic 1364,Mexican,Hyderabad,4.3,₹₹₹₹,Secunderabad
Mughlai Magic 1365,Indian,Hyderabad,3.3,₹,Secunderabad
Urban Tadka 1366,Mughlai,Hyderabad,3.1,₹,Gachibowli
Mughlai Magic 1367,Hyderabadi,Hyderabad,4.2,₹₹₹,Kondapur
Saffron Stories 1368,American,Hyderabad,4.8,₹₹,Kondapur
Nawabi Feast 1369,Thai,Hyderabad,5.0,₹₹₹,Gachibowli
Spicy Affair 1370,American,Hyderabad,3.3,₹,Kondapur
The Nizam's Kitchen 1371,Hyderabadi,Hyderabad,3.6,₹₹₹₹,Hitech City
Andhra Aroma 1372,Continental,Hyderabad,3.4,₹₹₹₹,Banjara Hills
Zafraan Grill 1373,Chinese,Hyderabad,3.8,₹₹₹₹,Gachibowli
Mughlai Magic 1374,Mexican,Hyderabad,3.6,₹,Jubilee Hills
Andhra Aroma 1375,Italian,Hyderabad,4.0,₹,Secunderabad
Deccan Spice 1376,Mexican,Hyderabad,3.7,₹₹₹,Gachibowli
Zafraan Grill 1377,American,Hyderabad,3.1,₹₹₹₹,Kondapur
Mughlai Magic 1378,Hyderabadi,Hyderabad,4.1,₹₹₹₹,Hitech City
Kebab Factory 1379,Continental,Hyderabad,4.1,₹₹₹,Secunderabad
Curry Leaf 1380,Indian,Hyderabad,4.1,₹₹₹,Kondapur
Urban Tadka 1381,Continental,Hyderabad,4.8,₹₹₹₹,Begumpet
Curry Leaf 1382,Andhra,Hyderabad,3.3,₹₹₹₹,Gachibowli
Saffron Stories 1383,American,Hyderabad,4.0,₹₹₹₹,Banjara Hills
Spicy Affair 1384,Thai,Hyderabad,4.6,₹₹₹,Hitech City
Mughlai Magic 1385,Thai,Hyderabad,3.3,₹,Banjara Hills
Urban Tadka 1386,Mughlai,Hyderabad,3.1,₹₹₹,Banjara Hills
Nawabi Feast 1387,Andhra,Hyderabad,4.1,₹,Kondapur
The Biryani Palace 1388,Continental,Hyderabad,4.4,₹₹,Jubilee Hills
Mughlai Magic 1389,Andhra,Hyderabad,4.5,₹₹₹₹,Begumpet
Curry Leaf 1390,Italian,Hyderabad,4.1,₹₹₹₹,Gachibowli
The Biryani Palace 1391,American,Hyderabad,3.3,₹₹,Madhapur
Taste of Telangana 1392,Indian,Hyderabad,3.6,₹,Kondapur
Saffron Stories 1393,Chinese,Hyderabad,3.5,₹,Secunderabad
Nawabi Feast 1394,Hyderabadi,Hyderabad,4.1,₹₹,Banjara Hills
Spicy Affair 1395,Mexican,Hyderabad,4.9,₹,Jubilee Hills
Andhra Aroma 1396,American,Hyderabad,4.2,₹,Banjara Hills
Andhra Aroma 1397,Indian,Hyderabad,4.4,₹₹,Kondapur
Andhra Aroma 1398,Hyderabadi,Hyderabad,4.2,₹₹₹₹,Jubilee Hills
Paradise Flavors 1399,Chinese,Hyderabad,4.6,₹₹₹₹,Gachibowli
Curry Leaf 1400,Thai,Hyderabad,5.0,₹₹₹₹,Kondapur
Andhra Aroma 1401,Continental,Hyderabad,4.0,₹₹,Jubilee Hills
Andhra Aroma 1402,Indian,Hyderabad,4.9,₹₹,Jubilee Hills
Zafraan Grill 1403,Italian,Hyderabad,4.3,₹₹₹₹,Gachibowli
Spicy Affair 1404,Thai,Hyderabad,3.2,₹₹₹,Hitech City
Royal Biryani House 1405,Indian,Hyderabad,3.9,₹,Jubilee Hills
The Biryani Palace 1406,Thai,Hyderabad,4.6,₹,Jubilee Hills
Andhra Aroma 1407,Andhra,Hyderabad,4.9,₹₹,Jubilee Hills
Royal Biryani House 1408,American,Hyderabad,3.7,₹₹₹,Gachibowli
Kebab Factory 1409,Continental,Hyderabad,3.2,₹₹₹,Gachibowli
Taste of Telangana 1410,Chinese,Hyderabad,3.8,₹₹₹₹,Hitech City
Spicy Affair 1411,Continental,Hyderabad,3.7,₹₹,Begumpet
Andhra Aroma 1412,Continental,Hyderabad,4.6,₹₹₹,Madhapur
Mughlai Magic 1413,Thai,Hyderabad,3.9,₹₹₹,Madhapur
Bawarchi Delight 1414,American,Hyderabad,4.1,₹₹₹₹,Banjara Hills
Deccan Spice 1415,Thai,Hyderabad,3.1,₹₹₹,Kondapur
Nawabi Feast 1416,Mexican,Hyderabad,3.1,₹₹₹₹,Kondapur
Andhra Aroma 1417,Mughlai,Hyderabad,4.9,₹₹,Kondapur
Mughlai Magic 1418,American,Hyderabad,4.4,₹₹₹,Jubilee Hills
Kebab Factory 1419,American,Hyderabad,3.2,₹₹₹₹,Kondapur
Saffron Stories 1420,American,Hyderabad,4.7,₹₹,Begumpet
Mirchi Moments 1421,Indian,Hyderabad,4.8,₹₹₹₹,Banjara Hills
Andhra Aroma 1422,Italian,Hyderabad,3.0,₹₹₹₹,Banjara Hills
Nawabi Feast 1423,Andhra,Hyderabad,3.8,₹,Kondapur
The Biryani Palace 1424,Indian,Hyderabad,4.2,₹,Madhapur
Andhra Aroma 1425,American,Hyderabad,4.0,₹₹,Madhapur
Saffron Stories 1426,Mughlai,Hyderabad,3.9,₹,Banjara Hills
Andhra Aroma 1427,Continental,Hyderabad,3.4,₹₹₹,Jubilee Hills
Mughlai Magic 1428,Thai,Hyderabad,3.4,₹₹₹₹,Secunderabad
Urban Tadka 1429,American,Hyderabad,4.7,₹₹₹,Madhapur
Spicy Affair 1430,Mughlai,Hyderabad,3.6,₹₹,Begumpet
Charminar Treats 1431,Continental,Hyderabad,4.4,₹₹₹,Hitech City
Deccan Spice 1432,Andhra,Hyderabad,4.1,₹,Banjara Hills
Zafraan Grill 1433,Andhra,Hyderabad,4.5,₹₹₹,Kondapur
Hyderabadi Haveli 1434,Hyderabadi,Hyderabad,3.6,₹₹₹,Jubilee Hills
The Nizam's Kitchen 1435,Andhra,Hyderabad,4.2,₹₹,Banjara Hills
Bawarchi Delight 1436,Hyderabadi,Hyderabad,4.3,₹,Secunderabad
Taste of Telangana 1437,Italian,Hyderabad,4.2,₹₹₹,Gachibowli
Urban Tadka 1438,Mexican,Hyderabad,4.5,₹₹₹,Kondapur
Andhra Aroma 1439,American,Hyderabad,4.3,₹₹₹,Jubilee Hills
Zafraan Grill 1440,Italian,Hyderabad,3.3,₹,Banjara Hills
Spicy Affair 1441,Mexican,Hyderabad,4.9,₹₹,Secunderabad
Pearl City Tandoor 1442,Mexican,Hyderabad,3.4,₹₹₹,Secunderabad
Pearl City Tandoor 1443,Continental,Hyderabad,4.0,₹,Banjara Hills
Paradise Flavors 1444,Indian,Hyderabad,4.0,₹₹₹₹,Madhapur
Mughlai Magic 1445,Thai,Hyderabad,4.3,₹₹,Banjara Hills
Nawabi Feast 1446,Chinese,Hyderabad,5.0,₹,Kondapur
Saffron Stories 1447,American,Hyderabad,3.3,₹,Begumpet
Nawabi Feast 1448,Indian,Hyderabad,4.7,₹₹₹₹,Madhapur
Urban Tadka 1449,Thai,Hyderabad,4.2,₹,Begumpet
Saffron Stories 1450,Italian,Hyderabad,4.8,₹₹₹₹,Kondapur
The Nizam's Kitchen 1451,American,Hyderabad,4.9,₹₹₹,Banjara Hills
The Biryani Palace 1452,Andhra,Hyderabad,3.2,₹₹₹,Begumpet
Zafraan Grill 1453,Mughlai,Hyderabad,4.2,₹₹₹,Banjara Hills
Paradise Flavors 1454,Thai,Hyderabad,4.9,₹₹,Begumpet
Taste of Telangana 1455,Indian,Hyderabad,3.9,₹₹₹₹,Banjara Hills
Saffron Stories 1456,Italian,Hyderabad,4.1,₹₹₹,Gachibowli
Royal Biryani House 1457,Mexican,Hyderabad,3.3,₹,Kondapur
Urban Tadka 1458,Indian,Hyderabad,3.1,₹₹₹,Kondapur
Deccan Spice 1459,Mughlai,Hyderabad,3.4,₹₹,Madhapur
Andhra Aroma 1460,Hyderabadi,Hyderabad,4.8,₹₹₹,Begumpet
Saffron Stories 1461,Mughlai,Hyderabad,3.5,₹₹₹₹,Gachibowli
Taste of Telangana 1462,Hyderabadi,Hyderabad,3.7,₹₹₹₹,Jubilee Hills
Curry Leaf 1463,Continental,Hyderabad,3.0,₹₹₹₹,Hitech City
Paradise Flavors 1464,Indian,Hyderabad,3.6,₹₹₹₹,Hitech City
Spicy Affair 1465,Thai,Hyderabad,3.3,₹₹₹₹,Secunderabad
Royal Biryani House 1466,Mexican,Hyderabad,3.6,₹,Banjara Hills
Paradise Flavors 1467,Mexican,Hyderabad,3.8,₹₹,Madhapur
Pearl City Tandoor 1468,Mexican,Hyderabad,3.8,₹₹₹₹,Secunderabad
Paradise Flavors 1469,Continental,Hyderabad,3.4,₹₹,Jubilee Hills
Nawabi Feast 1470,Thai,Hyderabad,3.8,₹₹₹,Kondapur
Nawabi Feast 1471,Indian,Hyderabad,3.1,₹₹₹₹,Begumpet
Bawarchi Delight 1472,Continental,Hyderabad,4.5,₹₹,Kondapur
Spicy Affair 1473,Mughlai,Hyderabad,3.7,₹₹₹₹,Madhapur
Urban Tadka 1474,Hyderabadi,Hyderabad,3.9,₹₹₹₹,Jubilee Hills
Curry Leaf 1475,Continental,Hyderabad,3.7,₹₹₹,Begumpet
The Biryani Palace 1476,Mexican,Hyderabad,3.8,₹₹₹₹,Hitech City
Nawabi Feast 1477,Italian,Hyderabad,4.9,₹₹₹,Jubilee Hills
Mirchi Moments 1478,Andhra,Hyderabad,4.3,₹₹₹,Jubilee Hills
Charminar Treats 1479,Andhra,Hyderabad,3.8,₹,Begumpet
Paradise Flavors 1480,Mughlai,Hyderabad,4.9,₹,Madhapur
Bawarchi Delight 1481,Italian,Hyderabad,3.0,₹₹,Gachibowli
The Biryani Palace 1482,Andhra,Hyderabad,4.4,₹₹₹,Kondapur
Curry Leaf 1483,Mughlai,Hyderabad,4.1,₹₹₹₹,Jubilee Hills
Hyderabadi Haveli 1484,Chinese,Hyderabad,4.5,₹₹,Hitech City
Taste of Telangana 1485,Chinese,Hyderabad,3.5,₹₹₹,Madhapur
Taste of Telangana 1486,Italian,Hyderabad,4.8,₹₹₹,Begumpet
Curry Leaf 1487,Indian,Hyderabad,4.5,₹₹,Gachibowli
Spicy Affair 1488,Andhra,Hyderabad,3.5,₹₹₹,Kondapur
Zafraan Grill 1489,Continental,Hyderabad,3.7,₹₹,Hitech City
Nawabi Feast 1490,Continental,Hyderabad,4.9,₹,Jubilee Hills
Urban Tadka 1491,Andhra,Hyderabad,4.8,₹₹₹₹,Secunderabad
Nawabi Feast 1492,Continental,Hyderabad,3.0,₹₹₹,Gachibowli
Mirchi Moments 1493,American,Hyderabad,4.5,₹₹₹,Madhapur
Pearl City Tandoor 1494,Italian,Hyderabad,4.0,₹₹₹,Kondapur
Mughlai Magic 1495,Hyderabadi,Hyderabad,3.3,₹₹₹,Gachibowli
Mirchi Moments 1496,American,Hyderabad,4.6,₹,Begumpet
Deccan Spice 1497,Hyderabadi,Hyderabad,3.1,₹,Begumpet
Curry Leaf 1498,Mughlai,Hyderabad,3.5,₹₹₹,Kondapur
Bawarchi Delight 1499,American,Hyderabad,3.9,₹,Jubilee Hills
Kebab Factory 1500,Italian,Hyderabad,4.5,₹,Begumpet
Spicy Affair 1501,Hyderabadi,Hyderabad,4.7,₹₹₹₹,Gachibowli
Hyderabadi Haveli 1502,Italian,Hyderabad,3.6,₹,Hitech City
Mirchi Moments 1503,Hyderabadi,Hyderabad,4.4,₹₹₹₹,Begumpet
Curry Leaf 1504,Mughlai,Hyderabad,4.7,₹₹₹,Hitech City
Royal Biryani House 1505,Chinese,Hyderabad,3.0,₹₹₹,Gachibowli
Charminar Treats 1506,Italian,Hyderabad,3.1,₹₹,Jubilee Hills
Zafraan Grill 1507,American,Hyderabad,3.3,₹₹₹₹,Kondapur
Zafraan Grill 1508,Chinese,Hyderabad,3.6,₹₹,Hitech City
Deccan Spice 1509,Continental,Hyderabad,4.8,₹,Begumpet
Paradise Flavors 1510,Mughlai,Hyderabad,3.9,₹₹,Madhapur
Mughlai Magic 1511,Thai,Hyderabad,4.9,₹₹₹,Gachibowli
Andhra Aroma 1512,Italian,Hyderabad,5.0,₹₹₹,Jubilee Hills
Spicy Affair 1513,American,Hyderabad,3.8,₹₹₹,Begumpet
Curry Leaf 1514,Mexican,Hyderabad,3.2,₹,Gachibowli
Curry Leaf 1515,Hyderabadi,Hyderabad,4.4,₹₹₹₹,Begumpet
Taste of Telangana 1516,Indian,Hyderabad,4.6,₹,Begumpet
Charminar Treats 1517,Chinese,Hyderabad,3.7,₹,Kondapur
Urban Tadka 1518,Andhra,Hyderabad,4.4,₹₹₹₹,Gachibowli
Nawabi Feast 1519,Mexican,Hyderabad,3.3,₹₹₹₹,Gachibowli
Mirchi Moments 1520,Italian,Hyderabad,4.8,₹₹,Secunderabad
The Nizam's Kitchen 1521,Thai,Hyderabad,4.6,₹₹,Gachibowli
Bawarchi Delight 1522,Italian,Hyderabad,4.4,₹₹₹,Kondapur
Charminar Treats 1523,Thai,Hyderabad,3.2,₹,Hitech City
Curry Leaf 1524,Mexican,Hyderabad,3.6,₹₹₹₹,Begumpet
Spicy Affair 1525,Mexican,Hyderabad,3.2,₹₹₹₹,Begumpet
Deccan Spice 1526,Andhra,Hyderabad,4.4,₹₹₹,Banjara Hills
Nawabi Feast 1527,American,Hyderabad,3.0,₹₹,Gachibowli
Andhra Aroma 1528,Hyderabadi,Hyderabad,4.4,₹₹₹₹,Hitech City
Saffron Stories 1529,Thai,Hyderabad,5.0,₹₹₹,Kondapur
Taste of Telangana 1530,Chinese,Hyderabad,4.1,₹,Gachibowli
Mughlai Magic 1531,Indian,Hyderabad,3.9,₹,Banjara Hills
Mughlai Magic 1532,Mexican,Hyderabad,4.8,₹,Gachibowli
The Nizam's Kitchen 1533,Hyderabadi,Hyderabad,3.9,₹,Gachibowli
Mughlai Magic 1534,Continental,Hyderabad,4.1,₹₹₹,Begumpet
Nawabi Feast 1535,Hyderabadi,Hyderabad,5.0,₹₹₹,Gachibowli
Spicy Affair 1536,Mughlai,Hyderabad,3.1,₹₹,Begumpet
Bawarchi Delight 1537,Continental,Hyderabad,4.4,₹₹,Secunderabad
Paradise Flavors 1538,Hyderabadi,Hyderabad,4.5,₹₹₹₹,Jubilee Hills
Kebab Factory 1539,Mexican,Hyderabad,3.9,₹,Madhapur
Bawarchi Delight 1540,Continental,Hyderabad,4.7,₹₹₹,Hitech City
Curry Leaf 1541,Hyderabadi,Hyderabad,3.6,₹,Hitech City
Nawabi Feast 1542,Italian,Hyderabad,3.0,₹₹₹,Banjara Hills
Pearl City Tandoor 1543,Mexican,Hyderabad,5.0,₹₹,Banjara Hills
The Biryani Palace 1544,American,Hyderabad,4.9,₹₹₹,Secunderabad
Charminar Treats 1545,Mexican,Hyderabad,3.7,₹₹,Hitech City
Spicy Affair 1546,Chinese,Hyderabad,4.5,₹₹₹,Hitech City
Royal Biryani House 1547,Andhra,Hyderabad,3.0,₹₹,Banjara Hills
Charminar Treats 1548,Chinese,Hyderabad,3.1,₹₹₹₹,Begumpet
Andhra Aroma 1549,Italian,Hyderabad,3.3,₹₹₹₹,Madhapur
Urban Tadka 1550,American,Hyderabad,4.2,₹₹,Secunderabad
Royal Biryani House 1551,Thai,Hyderabad,4.9,₹₹₹,Begumpet
Taste of Telangana 1552,Mexican,Hyderabad,3.6,₹₹₹₹,Madhapur
Urban Tadka 1553,Italian,Hyderabad,3.4,₹₹₹,Banjara Hills
Hyderabadi Haveli 1554,Indian,Hyderabad,3.5,₹₹₹,Madhapur
Curry Leaf 1555,Andhra,Hyderabad,3.3,₹₹₹,Hitech City
Nawabi Feast 1556,Andhra,Hyderabad,4.1,₹₹₹₹,Banjara Hills
Nawabi Feast 1557,Continental,Hyderabad,4.6,₹₹,Begumpet
Paradise Flavors 1558,Hyderabadi,Hyderabad,5.0,₹₹₹,Jubilee Hills
Kebab Factory 1559,Mexican,Hyderabad,4.9,₹₹,Hitech City
The Nizam's Kitchen 1560,Mexican,Hyderabad,4.4,₹₹₹₹,Secunderabad
Kebab Factory 1561,Chinese,Hyderabad,3.9,₹₹,Gachibowli
Saffron Stories 1562,Italian,Hyderabad,4.3,₹₹₹,Kondapur
Spicy Affair 1563,Mughlai,Hyderabad,3.6,₹₹,Begumpet
Mughlai Magic 1564,Mexican,Hyderabad,3.7,₹₹₹,Kondapur
Taste of Telangana 1565,Mexican,Hyderabad,4.7,₹,Secunderabad
Bawarchi Delight 1566,Thai,Hyderabad,3.3,₹₹,Banjara Hills
Pearl City Tandoor 1567,Andhra,Hyderabad,4.2,₹,Gachibowli
Saffron Stories 1568,Thai,Hyderabad,4.8,₹₹,Banjara Hills
The Nizam's Kitchen 1569,Thai,Hyderabad,3.1,₹₹,Hitech City
Paradise Flavors 1570,Hyderabadi,Hyderabad,3.5,₹₹₹,Kondapur
Zafraan Grill 1571,Chinese,Hyderabad,3.3,₹₹₹,Gachibowli
Nawabi Feast 1572,American,Hyderabad,4.1,₹,Hitech City
Charminar Treats 1573,Mexican,Hyderabad,4.2,₹₹₹,Hitech City
Hyderabadi Haveli 1574,Chinese,Hyderabad,3.7,₹₹₹,Gachibowli
Bawarchi Delight 1575,Mexican,Hyderabad,4.7,₹₹₹,Jubilee Hills
Bawarchi Delight 1576,Continental,Hyderabad,4.9,₹₹,Secunderabad
Mirchi Moments 1577,Chinese,Hyderabad,3.3,₹,Kondapur
Pearl City Tandoor 1578,Indian,Hyderabad,4.2,₹₹,Gachibowli
Saffron Stories 1579,Indian,Hyderabad,4.8,₹₹,Madhapur
Mughlai Magic 1580,Indian,Hyderabad,3.0,₹₹₹₹,Hitech City
The Biryani Palace 1581,Italian,Hyderabad,4.6,₹₹₹,Banjara Hills
The Biryani Palace 1582,Continental,Hyderabad,5.0,₹,Begumpet
Kebab Factory 1583,Mexican,Hyderabad,3.4,₹₹,Secunderabad
Taste of Telangana 1584,American,Hyderabad,4.1,₹₹₹,Banjara Hills
Paradise Flavors 1585,Indian,Hyderabad,4.7,₹₹,Gachibowli
Zafraan Grill 1586,Mughlai,Hyderabad,4.4,₹₹₹₹,Gachibowli
Spicy Affair 1587,American,Hyderabad,3.4,₹,Jubilee Hills
Andhra Aroma 1588,American,Hyderabad,4.3,₹,Begumpet
Andhra Aroma 1589,Andhra,Hyderabad,4.5,₹₹₹₹,Gachibowli
Royal Biryani House 1590,Chinese,Hyderabad,3.7,₹₹₹,Banjara Hills
Deccan Spice 1591,Mughlai,Hyderabad,3.3,₹,Banjara Hills
Mughlai Magic 1592,Chinese,Hyderabad,4.0,₹₹₹₹,Gachibowli
Andhra Aroma 1593,Thai,Hyderabad,4.5,₹₹₹₹,Secunderabad
Spicy Affair 1594,Andhra,Hyderabad,3.0,₹,Jubilee Hills
Bawarchi Delight 1595,Indian,Hyderabad,4.2,₹₹,Secunderabad
Pearl City Tandoor 1596,Italian,Hyderabad,3.6,₹₹,Begumpet
Saffron Stories 1597,Thai,Hyderabad,4.0,₹₹₹₹,Kondapur
Zafraan Grill 1598,Andhra,Hyderabad,3.1,₹,Hitech City
Bawarchi Delight 1599,Andhra,Hyderabad,3.2,₹₹₹₹,Banjara Hills
Saffron Stories 1600,Mexican,Hyderabad,3.7,₹,Hitech City
Curry Leaf 1601,Chinese,Hyderabad,3.0,₹,Begumpet
Bawarchi Delight 1602,Mexican,Hyderabad,3.9,₹₹,Gachibowli
Saffron Stories 1603,Mughlai,Hyderabad,4.7,₹,Kondapur
Saffron Stories 1604,Italian,Hyderabad,3.1,₹₹,Begumpet
Spicy Affair 1605,Thai,Hyderabad,3.4,₹₹,Banjara Hills
Taste of Telangana 1606,Mexican,Hyderabad,3.9,₹₹₹₹,Kondapur
Taste of Telangana 1607,Chinese,Hyderabad,3.8,₹,Jubilee Hills
Mirchi Moments 1608,Mexican,Hyderabad,3.7,₹,Gachibowli
The Biryani Palace 1609,American,Hyderabad,3.4,₹₹₹,Hitech City
Saffron Stories 1610,Mughlai,Hyderabad,3.3,₹₹,Kondapur
Nawabi Feast 1611,Andhra,Hyderabad,4.5,₹₹,Gachibowli
Kebab Factory 1612,Indian,Hyderabad,3.9,₹₹,Jubilee Hills
Nawabi Feast 1613,Chinese,Hyderabad,4.1,₹₹₹,Begumpet
Kebab Factory 1614,Mexican,Hyderabad,4.7,₹₹₹₹,Madhapur
Charminar Treats 1615,Mughlai,Hyderabad,3.9,₹₹,Begumpet
Taste of Telangana 1616,Italian,Hyderabad,3.9,₹₹₹,Hitech City
Royal Biryani House 1617,Mughlai,Hyderabad,3.2,₹₹,Banjara Hills
Andhra Aroma 1618,Mexican,Hyderabad,4.3,₹,Begumpet
Deccan Spice 1619,Indian,Hyderabad,4.0,₹,Begumpet
Urban Tadka 1620,Continental,Hyderabad,3.2,₹₹,Begumpet
Urban Tadka 1621,Thai,Hyderabad,3.6,₹₹,Secunderabad
Paradise Flavors 1622,Thai,Hyderabad,3.5,₹₹,Banjara Hills
Spicy Affair 1623,Chinese,Hyderabad,3.3,₹₹₹,Begumpet
Andhra Aroma 1624,Chinese,Hyderabad,3.1,₹₹,Kondapur
Kebab Factory 1625,Italian,Hyderabad,3.7,₹,Banjara Hills
Deccan Spice 1626,Mughlai,Hyderabad,4.0,₹,Kondapur
Spicy Affair 1627,Chinese,Hyderabad,4.8,₹,Madhapur
Curry Leaf 1628,Mexican,Hyderabad,4.7,₹,Gachibowli
Zafraan Grill 1629,Hyderabadi,Hyderabad,4.2,₹₹,Begumpet
Nawabi Feast 1630,Chinese,Hyderabad,4.8,₹₹₹₹,Banjara Hills
Mughlai Magic 1631,Continental,Hyderabad,3.0,₹₹₹,Kondapur
Paradise Flavors 1632,American,Hyderabad,4.5,₹₹₹₹,Madhapur
Curry Leaf 1633,American,Hyderabad,3.7,₹₹,Begumpet
Urban Tadka 1634,Chinese,Hyderabad,4.6,₹,Begumpet
Zafraan Grill 1635,Indian,Hyderabad,4.5,₹₹₹,Secunderabad
Taste of Telangana 1636,Mughlai,Hyderabad,4.0,₹₹₹₹,Gachibowli
Kebab Factory 1637,Thai,Hyderabad,4.4,₹,Begumpet
Kebab Factory 1638,American,Hyderabad,4.2,₹₹₹,Madhapur
Kebab Factory 1639,Andhra,Hyderabad,4.5,₹₹₹,Madhapur
The Biryani Palace 1640,Andhra,Hyderabad,4.7,₹₹,Banjara Hills
Deccan Spice 1641,Andhra,Hyderabad,3.5,₹₹,Secunderabad
The Biryani Palace 1642,Mexican,Hyderabad,4.9,₹,Hitech City
Mirchi Moments 1643,Italian,Hyderabad,3.2,₹₹,Jubilee Hills
Deccan Spice 1644,Andhra,Hyderabad,3.9,₹₹,Begumpet
Mughlai Magic 1645,Andhra,Hyderabad,4.9,₹₹,Hitech City
Pearl City Tandoor 1646,Continental,Hyderabad,4.0,₹₹₹₹,Secunderabad
The Biryani Palace 1647,Thai,Hyderabad,3.2,₹₹₹,Jubilee Hills
The Nizam's Kitchen 1648,Mexican,Hyderabad,3.1,₹,Banjara Hills
Nawabi Feast 1649,Italian,Hyderabad,3.3,₹,Jubilee Hills
The Biryani Palace 1650,Hyderabadi,Hyderabad,4.7,₹,Banjara Hills
The Nizam's Kitchen 1651,Chinese,Hyderabad,4.2,₹,Hitech City
Deccan Spice 1652,Hyderabadi,Hyderabad,4.0,₹₹,Gachibowli
Mughlai Magic 1653,Chinese,Hyderabad,3.4,₹₹₹₹,Gachibowli
Taste of Telangana 1654,Indian,Hyderabad,3.6,₹₹₹,Gachibowli
Royal Biryani House 1655,Indian,Hyderabad,4.1,₹₹₹,Kondapur
Saffron Stories 1656,Continental,Hyderabad,5.0,₹,Hitech City
Mughlai Magic 1657,Hyderabadi,Hyderabad,3.9,₹₹₹₹,Jubilee Hills
Taste of Telangana 1658,Mexican,Hyderabad,4.5,₹₹₹,Kondapur
Spicy Affair 1659,Andhra,Hyderabad,4.7,₹₹₹₹,Jubilee Hills
Deccan Spice 1660,Italian,Hyderabad,4.8,₹₹,Gachibowli
Charminar Treats 1661,Mexican,Hyderabad,3.3,₹,Kondapur
Saffron Stories 1662,Andhra,Hyderabad,3.9,₹₹₹₹,Kondapur
Spicy Affair 1663,Italian,Hyderabad,3.1,₹₹,Madhapur
Charminar Treats 1664,American,Hyderabad,4.7,₹,Madhapur
Taste of Telangana 1665,Indian,Hyderabad,4.8,₹₹₹₹,Banjara Hills
Spicy Affair 1666,American,Hyderabad,4.0,₹₹₹,Begumpet
The Biryani Palace 1667,Chinese,Hyderabad,5.0,₹₹,Gachibowli
Pearl City Tandoor 1668,Indian,Hyderabad,3.6,₹₹,Banjara Hills
Bawarchi Delight 1669,Mughlai,Hyderabad,4.2,₹₹₹₹,Jubilee Hills
Taste of Telangana 1670,Mexican,Hyderabad,3.2,₹₹,Banjara Hills
Kebab Factory 1671,Chinese,Hyderabad,3.0,₹₹,Kondapur
Mughlai Magic 1672,Chinese,Hyderabad,4.8,₹₹₹,Gachibowli
Spicy Affair 1673,Mexican,Hyderabad,4.7,₹₹₹,Hitech City
Pearl City Tandoor 1674,Andhra,Hyderabad,3.8,₹₹₹,Secunderabad
Spicy Affair 1675,Continental,Hyderabad,4.8,₹,Kondapur
The Nizam's Kitchen 1676,Italian,Hyderabad,4.0,₹₹₹₹,Jubilee Hills
Mirchi Moments 1677,Italian,Hyderabad,3.8,₹,Kondapur
Hyderabadi Haveli 1678,Chinese,Hyderabad,3.2,₹₹₹₹,Jubilee Hills
Paradise Flavors 1679,Continental,Hyderabad,4.7,₹₹₹₹,Banjara Hills
Saffron Stories 1680,Andhra,Hyderabad,3.0,₹,Secunderabad
The Nizam's Kitchen 1681,Continental,Hyderabad,4.8,₹₹,Banjara Hills
Taste of Telangana 1682,Mughlai,Hyderabad,4.5,₹₹₹,Banjara Hills
Pearl City Tandoor 1683,Mughlai,Hyderabad,4.1,₹₹,Hitech City
The Nizam's Kitchen 1684,Italian,Hyderabad,4.7,₹₹₹₹,Kondapur
Paradise Flavors 1685,Thai,Hyderabad,4.7,₹,Secunderabad
Curry Leaf 1686,Chinese,Hyderabad,3.7,₹₹₹,Jubilee Hills
Charminar Treats 1687,Italian,Hyderabad,3.2,₹₹₹₹,Hitech City
Taste of Telangana 1688,Indian,Hyderabad,3.4,₹₹,Kondapur
The Biryani Palace 1689,Mughlai,Hyderabad,4.8,₹,Hitech City
Hyderabadi Haveli 1690,Thai,Hyderabad,3.1,₹₹₹₹,Kondapur
The Nizam's Kitchen 1691,Continental,Hyderabad,4.3,₹₹,Kondapur
Spicy Affair 1692,Thai,Hyderabad,3.5,₹₹,Secunderabad
The Nizam's Kitchen 1693,American,Hyderabad,3.7,₹₹₹₹,Kondapur
Taste of Telangana 1694,Mughlai,Hyderabad,3.5,₹,Secunderabad
Nawabi Feast 1695,Continental,Hyderabad,3.4,₹₹,Begumpet
Hyderabadi Haveli 1696,Mexican,Hyderabad,3.5,₹₹₹,Gachibowli
Mughlai Magic 1697,Indian,Hyderabad,5.0,₹,Gachibowli
Taste of Telangana 1698,Continental,Hyderabad,4.4,₹₹,Banjara Hills
The Biryani Palace 1699,Italian,Hyderabad,4.3,₹,Jubilee Hills
Pearl City Tandoor 1700,Mughlai,Hyderabad,3.2,₹₹₹,Jubilee Hills
Kebab Factory 1701,Chinese,Hyderabad,3.2,₹₹₹,Gachibowli
Royal Biryani House 1702,American,Hyderabad,3.1,₹,Madhapur
Deccan Spice 1703,Mughlai,Hyderabad,3.8,₹,Jubilee Hills
Curry Leaf 1704,Andhra,Hyderabad,3.5,₹₹,Jubilee Hills
Paradise Flavors 1705,Mughlai,Hyderabad,4.6,₹,Gachibowli
Charminar Treats 1706,Chinese,Hyderabad,4.7,₹₹₹₹,Gachibowli
Mughlai Magic 1707,Continental,Hyderabad,4.4,₹₹₹,Hitech City
Pearl City Tandoor 1708,Mexican,Hyderabad,3.9,₹₹₹₹,Kondapur
Deccan Spice 1709,Andhra,Hyderabad,4.2,₹₹₹,Secunderabad
Charminar Treats 1710,Continental,Hyderabad,3.2,₹₹₹₹,Begumpet
Andhra Aroma 1711,Chinese,Hyderabad,4.9,₹,Hitech City
The Biryani Palace 1712,American,Hyderabad,4.1,₹₹₹₹,Secunderabad
Pearl City Tandoor 1713,Italian,Hyderabad,3.4,₹₹₹,Begumpet
Kebab Factory 1714,Italian,Hyderabad,3.1,₹,Begumpet
Nawabi Feast 1715,Italian,Hyderabad,4.3,₹₹₹₹,Hitech City
Deccan Spice 1716,American,Hyderabad,3.1,₹₹₹,Madhapur
Taste of Telangana 1717,Indian,Hyderabad,4.5,₹₹,Madhapur
Zafraan Grill 1718,Indian,Hyderabad,4.3,₹₹₹₹,Secunderabad
Zafraan Grill 1719,Mexican,Hyderabad,4.1,₹₹,Secunderabad
Zafraan Grill 1720,Italian,Hyderabad,4.3,₹₹₹,Banjara Hills
Charminar Treats 1721,Mughlai,Hyderabad,3.0,₹₹₹,Secunderabad
Paradise Flavors 1722,Andhra,Hyderabad,3.9,₹₹₹₹,Begumpet
Deccan Spice 1723,American,Hyderabad,4.0,₹₹₹,Hitech City
Taste of Telangana 1724,Mughlai,Hyderabad,3.0,₹₹₹₹,Madhapur
Royal Biryani House 1725,Hyderabadi,Hyderabad,4.3,₹₹₹,Banjara Hills
Paradise Flavors 1726,Italian,Hyderabad,4.8,₹₹₹,Jubilee Hills
Bawarchi Delight 1727,Thai,Hyderabad,3.4,₹₹,Gachibowli
Charminar Treats 1728,American,Hyderabad,3.3,₹₹₹,Madhapur
Deccan Spice 1729,Chinese,Hyderabad,3.2,₹₹,Begumpet
The Biryani Palace 1730,Chinese,Hyderabad,4.5,₹,Secunderabad
Nawabi Feast 1731,Italian,Hyderabad,3.5,₹₹,Kondapur
Urban Tadka 1732,Hyderabadi,Hyderabad,3.0,₹,Secunderabad
The Biryani Palace 1733,Chinese,Hyderabad,3.8,₹₹₹₹,Hitech City
Mirchi Moments 1734,Italian,Hyderabad,5.0,₹,Begumpet
Saffron Stories 1735,Continental,Hyderabad,3.9,₹,Jubilee Hills
Paradise Flavors 1736,Thai,Hyderabad,3.6,₹₹₹₹,Madhapur
The Biryani Palace 1737,Indian,Hyderabad,4.3,₹₹,Hitech City
Mughlai Magic 1738,American,Hyderabad,4.1,₹₹₹₹,Jubilee Hills
Pearl City Tandoor 1739,Hyderabadi,Hyderabad,4.1,₹₹₹,Begumpet
Mirchi Moments 1740,Thai,Hyderabad,4.8,₹₹₹,Madhapur
Taste of Telangana 1741,Hyderabadi,Hyderabad,4.7,₹₹₹,Secunderabad
The Nizam's Kitchen 1742,Thai,Hyderabad,3.1,₹₹,Madhapur
The Nizam's Kitchen 1743,Indian,Hyderabad,3.1,₹₹,Secunderabad
Curry Leaf 1744,Italian,Hyderabad,4.0,₹₹₹,Banjara Hills
Curry Leaf 1745,Mexican,Hyderabad,3.8,₹,Gachibowli
Andhra Aroma 1746,Hyderabadi,Hyderabad,3.3,₹,Madhapur
Charminar Treats 1747,Mughlai,Hyderabad,3.9,₹₹₹₹,Jubilee Hills
Curry Leaf 1748,Continental,Hyderabad,3.8,₹,Secunderabad
Deccan Spice 1749,Chinese,Hyderabad,3.9,₹₹₹₹,Jubilee Hills
Deccan Spice 1750,Thai,Hyderabad,3.1,₹₹₹,Kondapur
Mirchi Moments 1751,Thai,Hyderabad,4.0,₹₹₹,Gachibowli
Bawarchi Delight 1752,Mexican,Hyderabad,4.5,₹,Secunderabad
Spicy Affair 1753,Thai,Hyderabad,4.7,₹₹,Madhapur
Paradise Flavors 1754,Andhra,Hyderabad,4.0,₹,Hitech City
Royal Biryani House 1755,Hyderabadi,Hyderabad,3.8,₹,Begumpet
Saffron Stories 1756,Thai,Hyderabad,3.2,₹₹,Hitech City
Taste of Telangana 1757,Mughlai,Hyderabad,3.0,₹₹₹₹,Secunderabad
Bawarchi Delight 1758,Indian,Hyderabad,3.2,₹,Hitech City
Mughlai Magic 1759,Italian,Hyderabad,3.2,₹₹₹,Gachibowli
Pearl City Tandoor 1760,Continental,Hyderabad,3.6,₹,Kondapur
The Biryani Palace 1761,Indian,Hyderabad,3.2,₹₹₹₹,Jubilee Hills
Spicy Affair 1762,Thai,Hyderabad,4.9,₹₹₹₹,Banjara Hills
Spicy Affair 1763,Hyderabadi,Hyderabad,4.3,₹₹₹,Hitech City
Saffron Stories 1764,Italian,Hyderabad,4.3,₹₹₹,Kondapur
Saffron Stories 1765,Italian,Hyderabad,3.9,₹,Hitech City
Deccan Spice 1766,Hyderabadi,Hyderabad,4.6,₹₹₹₹,Kondapur
Pearl City Tandoor 1767,Thai,Hyderabad,3.5,₹,Jubilee Hills
Spicy Affair 1768,Mughlai,Hyderabad,4.6,₹₹₹,Banjara Hills
The Biryani Palace 1769,Hyderabadi,Hyderabad,3.2,₹₹₹,Secunderabad
The Biryani Palace 1770,Mexican,Hyderabad,4.7,₹₹₹,Gachibowli
Andhra Aroma 1771,American,Hyderabad,4.1,₹,Gachibowli
The Biryani Palace 1772,Mexican,Hyderabad,3.1,₹,Gachibowli
Nawabi Feast 1773,American,Hyderabad,4.9,₹₹,Hitech City
Zafraan Grill 1774,Indian,Hyderabad,4.5,₹₹,Madhapur
The Nizam's Kitchen 1775,Andhra,Hyderabad,3.8,₹₹₹₹,Kondapur
Bawarchi Delight 1776,Andhra,Hyderabad,3.7,₹₹₹₹,Begumpet
Pearl City Tandoor 1777,Continental,Hyderabad,3.4,₹₹₹,Banjara Hills
Urban Tadka 1778,Chinese,Hyderabad,3.4,₹₹₹₹,Kondapur
Deccan Spice 1779,Mughlai,Hyderabad,4.7,₹₹,Secunderabad
Nawabi Feast 1780,Indian,Hyderabad,3.2,₹₹,Begumpet
Charminar Treats 1781,Thai,Hyderabad,3.3,₹₹₹,Gachibowli
Saffron Stories 1782,Thai,Hyderabad,3.9,₹₹₹,Jubilee Hills
The Biryani Palace 1783,Indian,Hyderabad,4.8,₹₹₹₹,Banjara Hills
The Biryani Palace 1784,Indian,Hyderabad,4.4,₹₹,Hitech City
Pearl City Tandoor 1785,Continental,Hyderabad,3.6,₹,Hitech City
Charminar Treats 1786,Italian,Hyderabad,3.1,₹₹,Jubilee Hills
Paradise Flavors 1787,Mexican,Hyderabad,4.2,₹₹,Hitech City
The Biryani Palace 1788,Italian,Hyderabad,3.6,₹₹₹₹,Banjara Hills
Hyderabadi Haveli 1789,Mexican,Hyderabad,4.2,₹₹₹₹,Hitech City
The Biryani Palace 1790,Andhra,Hyderabad,3.0,₹₹₹₹,Jubilee Hills
Mughlai Magic 1791,Thai,Hyderabad,3.5,₹,Hitech City
Spicy Affair 1792,American,Hyderabad,4.3,₹₹₹,Begumpet
Saffron Stories 1793,Mexican,Hyderabad,3.3,₹₹₹,Kondapur
The Nizam's Kitchen 1794,Continental,Hyderabad,4.6,₹₹,Secunderabad
Pearl City Tandoor 1795,American,Hyderabad,4.6,₹₹₹₹,Jubilee Hills
Saffron Stories 1796,Indian,Hyderabad,4.8,₹₹₹,Hitech City
Saffron Stories 1797,Andhra,Hyderabad,4.5,₹,Secunderabad
Nawabi Feast 1798,Italian,Hyderabad,3.2,₹₹₹,Gachibowli
Royal Biryani House 1799,Indian,Hyderabad,4.0,₹₹₹₹,Hitech City
Nawabi Feast 1800,Mughlai,Hyderabad,4.5,₹,Secunderabad
Taste of Telangana 1801,Chinese,Hyderabad,4.8,₹₹,Gachibowli
Spicy Affair 1802,Andhra,Hyderabad,4.6,₹₹₹₹,Hitech City
Kebab Factory 1803,Mexican,Hyderabad,4.5,₹₹₹₹,Madhapur
The Biryani Palace 1804,American,Hyderabad,5.0,₹₹₹,Madhapur
Kebab Factory 1805,Mexican,Hyderabad,4.1,₹₹₹₹,Gachibowli
The Nizam's Kitchen 1806,Continental,Hyderabad,4.9,₹₹,Banjara Hills
Saffron Stories 1807,Hyderabadi,Hyderabad,4.9,₹,Hitech City
Paradise Flavors 1808,Thai,Hyderabad,4.0,₹₹₹₹,Banjara Hills
The Biryani Palace 1809,Indian,Hyderabad,3.8,₹₹,Madhapur
Deccan Spice 1810,Indian,Hyderabad,3.9,₹₹₹,Kondapur
Paradise Flavors 1811,American,Hyderabad,4.2,₹₹,Banjara Hills
Mirchi Moments 1812,Mexican,Hyderabad,4.8,₹₹,Gachibowli
Kebab Factory 1813,Continental,Hyderabad,4.0,₹₹₹₹,Begumpet
Andhra Aroma 1814,American,Hyderabad,4.4,₹₹,Gachibowli
Hyderabadi Haveli 1815,Italian,Hyderabad,3.5,₹₹₹₹,Banjara Hills
Hyderabadi Haveli 1816,Indian,Hyderabad,4.7,₹,Hitech City
Saffron Stories 1817,Continental,Hyderabad,4.2,₹₹₹,Jubilee Hills
Nawabi Feast 1818,American,Hyderabad,3.6,₹₹₹₹,Hitech City
Royal Biryani House 1819,Mexican,Hyderabad,3.6,₹₹₹,Hitech City
Kebab Factory 1820,Thai,Hyderabad,4.8,₹,Gachibowli
Curry Leaf 1821,Italian,Hyderabad,4.2,₹,Kondapur
Deccan Spice 1822,Hyderabadi,Hyderabad,4.8,₹₹₹₹,Jubilee Hills
Hyderabadi Haveli 1823,Mexican,Hyderabad,4.4,₹₹,Gachibowli
The Nizam's Kitchen 1824,Italian,Hyderabad,3.7,₹,Secunderabad
Paradise Flavors 1825,Andhra,Hyderabad,5.0,₹₹₹,Secunderabad
Paradise Flavors 1826,American,Hyderabad,4.8,₹₹₹,Secunderabad
Taste of Telangana 1827,Andhra,Hyderabad,4.1,₹₹,Gachibowli
Bawarchi Delight 1828,Indian,Hyderabad,4.9,₹₹₹₹,Begumpet
Saffron Stories 1829,Indian,Hyderabad,4.2,₹,Kondapur
Nawabi Feast 1830,Mughlai,Hyderabad,3.8,₹₹₹,Kondapur
Curry Leaf 1831,Thai,Hyderabad,4.6,₹₹,Begumpet
Royal Biryani House 1832,Italian,Hyderabad,5.0,₹₹,Hitech City
Bawarchi Delight 1833,Continental,Hyderabad,4.7,₹₹₹₹,Gachibowli
The Biryani Palace 1834,Andhra,Hyderabad,4.4,₹,Banjara Hills
Royal Biryani House 1835,Mughlai,Hyderabad,4.3,₹₹,Begumpet
Taste of Telangana 1836,American,Hyderabad,4.1,₹₹,Secunderabad
Mirchi Moments 1837,American,Hyderabad,4.7,₹,Hitech City
Bawarchi Delight 1838,Thai,Hyderabad,3.7,₹₹₹₹,Jubilee Hills
Zafraan Grill 1839,Mughlai,Hyderabad,3.4,₹₹₹,Begumpet
Zafraan Grill 1840,Continental,Hyderabad,3.8,₹₹₹₹,Begumpet
Nawabi Feast 1841,Chinese,Hyderabad,3.9,₹₹₹,Kondapur
Bawarchi Delight 1842,Mughlai,Hyderabad,4.8,₹₹₹,Gachibowli
Deccan Spice 1843,Italian,Hyderabad,4.2,₹₹₹,Secunderabad
Saffron Stories 1844,Andhra,Hyderabad,3.5,₹₹₹,Hitech City
Royal Biryani House 1845,Italian,Hyderabad,3.2,₹,Gachibowli
Saffron Stories 1846,Hyderabadi,Hyderabad,4.6,₹₹₹₹,Banjara Hills
Bawarchi Delight 1847,Hyderabadi,Hyderabad,3.2,₹,Secunderabad
Paradise Flavors 1848,Mexican,Hyderabad,3.9,₹₹,Banjara Hills
Saffron Stories 1849,Italian,Hyderabad,3.4,₹,Jubilee Hills
Kebab Factory 1850,Continental,Hyderabad,3.5,₹,Hitech City
Andhra Aroma 1851,Hyderabadi,Hyderabad,3.0,₹₹,Banjara Hills
The Nizam's Kitchen 1852,American,Hyderabad,4.1,₹₹₹₹,Banjara Hills
Bawarchi Delight 1853,Hyderabadi,Hyderabad,4.3,₹₹,Madhapur
The Biryani Palace 1854,Italian,Hyderabad,4.1,₹,Madhapur
Mirchi Moments 1855,Mughlai,Hyderabad,4.9,₹₹,Madhapur
Curry Leaf 1856,Andhra,Hyderabad,3.5,₹₹₹,Banjara Hills
Andhra Aroma 1857,Andhra,Hyderabad,3.4,₹₹₹₹,Gachibowli
Urban Tadka 1858,Chinese,Hyderabad,3.7,₹₹,Jubilee Hills
Curry Leaf 1859,Andhra,Hyderabad,4.6,₹,Secunderabad
Curry Leaf 1860,Continental,Hyderabad,4.0,₹₹₹₹,Jubilee Hills
Nawabi Feast 1861,Mughlai,Hyderabad,3.1,₹₹₹₹,Secunderabad
Charminar Treats 1862,Mughlai,Hyderabad,4.0,₹,Kondapur
Spicy Affair 1863,Chinese,Hyderabad,3.3,₹₹₹₹,Banjara Hills
Hyderabadi Haveli 1864,Italian,Hyderabad,4.4,₹₹₹₹,Secunderabad
Mughlai Magic 1865,Mughlai,Hyderabad,4.1,₹₹₹₹,Gachibowli
Taste of Telangana 1866,Italian,Hyderabad,4.2,₹,Banjara Hills
Mughlai Magic 1867,Andhra,Hyderabad,4.8,₹₹,Begumpet
Taste of Telangana 1868,Andhra,Hyderabad,4.6,₹₹₹₹,Hitech City
Spicy Affair 1869,Mughlai,Hyderabad,3.2,₹₹₹,Begumpet
Urban Tadka 1870,Italian,Hyderabad,4.5,₹,Secunderabad
Saffron Stories 1871,Mughlai,Hyderabad,4.6,₹,Kondapur
Nawabi Feast 1872,Continental,Hyderabad,4.9,₹₹₹,Begumpet
Spicy Affair 1873,Mughlai,Hyderabad,3.6,₹₹₹₹,Banjara Hills
Saffron Stories 1874,Chinese,Hyderabad,3.7,₹₹₹,Begumpet
Taste of Telangana 1875,Mexican,Hyderabad,3.8,₹₹₹,Secunderabad
The Biryani Palace 1876,Thai,Hyderabad,4.8,₹₹₹₹,Hitech City
Urban Tadka 1877,Mughlai,Hyderabad,3.7,₹,Kondapur
Nawabi Feast 1878,Continental,Hyderabad,3.6,₹₹,Kondapur
Urban Tadka 1879,Italian,Hyderabad,3.9,₹₹,Banjara Hills
Royal Biryani House 1880,Andhra,Hyderabad,3.1,₹,Banjara Hills
Mughlai Magic 1881,American,Hyderabad,3.1,₹₹₹₹,Hitech City
Saffron Stories 1882,Mexican,Hyderabad,4.0,₹₹,Kondapur
Royal Biryani House 1883,Thai,Hyderabad,4.0,₹₹,Banjara Hills
The Biryani Palace 1884,Mexican,Hyderabad,4.1,₹₹,Jubilee Hills
Saffron Stories 1885,American,Hyderabad,4.4,₹₹₹,Jubilee Hills
Pearl City Tandoor 1886,Continental,Hyderabad,4.2,₹₹,Secunderabad
Paradise Flavors 1887,Mughlai,Hyderabad,4.5,₹₹₹,Jubilee Hills
Paradise Flavors 1888,Mughlai,Hyderabad,4.2,₹₹₹,Banjara Hills
Taste of Telangana 1889,Hyderabadi,Hyderabad,4.2,₹₹₹,Madhapur
Deccan Spice 1890,Mexican,Hyderabad,4.7,₹₹₹₹,Gachibowli
Bawarchi Delight 1891,Mughlai,Hyderabad,3.9,₹₹₹₹,Begumpet
Mughlai Magic 1892,Mexican,Hyderabad,4.7,₹₹₹,Madhapur
Andhra Aroma 1893,Italian,Hyderabad,3.3,₹₹₹,Jubilee Hills
Curry Leaf 1894,American,Hyderabad,3.9,₹,Begumpet
Taste of Telangana 1895,Hyderabadi,Hyderabad,4.0,₹,Gachibowli
Curry Leaf 1896,Andhra,Hyderabad,4.6,₹₹,Jubilee Hills
Hyderabadi Haveli 1897,Andhra,Hyderabad,4.6,₹₹₹₹,Jubilee Hills
Saffron Stories 1898,Andhra,Hyderabad,4.4,₹,Kondapur
Mirchi Moments 1899,Mughlai,Hyderabad,3.4,₹,Madhapur
Nawabi Feast 1900,Mexican,Hyderabad,3.8,₹,Jubilee Hills
Mirchi Moments 1901,American,Hyderabad,4.8,₹,Hitech City
Paradise Flavors 1902,Hyderabadi,Hyderabad,3.8,₹₹₹,Jubilee Hills
Zafraan Grill 1903,American,Hyderabad,3.5,₹₹₹,Madhapur
The Nizam's Kitchen 1904,Mexican,Hyderabad,3.7,₹₹₹,Gachibowli
Royal Biryani House 1905,Chinese,Hyderabad,4.0,₹₹₹,Gachibowli
Mughlai Magic 1906,Thai,Hyderabad,3.5,₹₹₹,Begumpet
Andhra Aroma 1907,Mexican,Hyderabad,4.3,₹,Gachibowli
The Nizam's Kitchen 1908,Thai,Hyderabad,4.3,₹₹,Secunderabad
Curry Leaf 1909,Italian,Hyderabad,3.3,₹,Madhapur
Nawabi Feast 1910,Hyderabadi,Hyderabad,3.7,₹₹,Gachibowli
Nawabi Feast 1911,Mexican,Hyderabad,3.1,₹₹₹₹,Gachibowli
Nawabi Feast 1912,Mexican,Hyderabad,4.6,₹₹₹₹,Hitech City
Bawarchi Delight 1913,Andhra,Hyderabad,4.2,₹₹₹,Banjara Hills
Zafraan Grill 1914,Indian,Hyderabad,3.1,₹₹₹₹,Jubilee Hills
Bawarchi Delight 1915,Hyderabadi,Hyderabad,3.8,₹,Begumpet
Urban Tadka 1916,Continental,Hyderabad,4.8,₹,Hitech City
Saffron Stories 1917,Chinese,Hyderabad,3.7,₹,Madhapur
Charminar Treats 1918,Andhra,Hyderabad,3.9,₹₹₹₹,Begumpet
Nawabi Feast 1919,Hyderabadi,Hyderabad,4.6,₹₹₹,Hitech City
Royal Biryani House 1920,Mexican,Hyderabad,3.1,₹₹₹₹,Hitech City
Pearl City Tandoor 1921,Andhra,Hyderabad,3.6,₹₹,Gachibowli
Mirchi Moments 1922,Italian,Hyderabad,4.1,₹₹₹,Begumpet
Urban Tadka 1923,Chinese,Hyderabad,4.5,₹₹₹,Secunderabad
Curry Leaf 1924,Hyderabadi,Hyderabad,4.6,₹₹,Banjara Hills
The Nizam's Kitchen 1925,Chinese,Hyderabad,4.2,₹₹₹₹,Gachibowli
Spicy Affair 1926,American,Hyderabad,4.7,₹₹₹₹,Kondapur
Saffron Stories 1927,Thai,Hyderabad,4.6,₹₹,Gachibowli
Bawarchi Delight 1928,Mexican,Hyderabad,4.1,₹₹,Begumpet
Andhra Aroma 1929,Thai,Hyderabad,4.4,₹₹,Kondapur
Nawabi Feast 1930,American,Hyderabad,4.9,₹,Begumpet
Spicy Affair 1931,Andhra,Hyderabad,4.6,₹₹₹,Madhapur
Bawarchi Delight 1932,Hyderabadi,Hyderabad,3.7,₹₹,Banjara Hills
The Biryani Palace 1933,Chinese,Hyderabad,3.1,₹,Begumpet
Royal Biryani House 1934,Continental,Hyderabad,4.1,₹₹₹,Begumpet
Paradise Flavors 1935,American,Hyderabad,3.4,₹₹₹,Jubilee Hills
Mirchi Moments 1936,Mexican,Hyderabad,4.0,₹₹₹,Gachibowli
Taste of Telangana 1937,Continental,Hyderabad,3.3,₹₹₹₹,Hitech City
Mirchi Moments 1938,Mughlai,Hyderabad,3.1,₹₹,Madhapur
Spicy Affair 1939,Mughlai,Hyderabad,3.2,₹₹,Kondapur
Saffron Stories 1940,Andhra,Hyderabad,3.4,₹,Banjara Hills
Taste of Telangana 1941,Mughlai,Hyderabad,4.5,₹,Begumpet
Taste of Telangana 1942,Thai,Hyderabad,3.1,₹₹₹₹,Jubilee Hills
Taste of Telangana 1943,Andhra,Hyderabad,3.6,₹,Banjara Hills
Nawabi Feast 1944,Hyderabadi,Hyderabad,4.8,₹,Secunderabad
Royal Biryani House 1945,Chinese,Hyderabad,4.5,₹₹₹₹,Madhapur
Charminar Treats 1946,Continental,Hyderabad,3.1,₹,Jubilee Hills
Zafraan Grill 1947,Indian,Hyderabad,4.7,₹₹₹₹,Secunderabad
Royal Biryani House 1948,Chinese,Hyderabad,3.3,₹₹,Jubilee Hills
Charminar Treats 1949,Mexican,Hyderabad,3.9,₹,Jubilee Hills
Pearl City Tandoor 1950,Continental,Hyderabad,3.9,₹₹,Kondapur
Andhra Aroma 1951,Hyderabadi,Hyderabad,4.6,₹,Jubilee Hills
Pearl City Tandoor 1952,Thai,Hyderabad,3.6,₹,Secunderabad
Taste of Telangana 1953,American,Hyderabad,4.6,₹₹,Begumpet
Mughlai Magic 1954,Andhra,Hyderabad,4.3,₹₹,Madhapur
Curry Leaf 1955,Continental,Hyderabad,3.5,₹₹,Jubilee Hills
Zafraan Grill 1956,American,Hyderabad,4.1,₹₹₹,Madhapur
Bawarchi Delight 1957,Chinese,Hyderabad,4.3,₹₹₹₹,Gachibowli
Nawabi Feast 1958,Thai,Hyderabad,4.1,₹₹₹,Secunderabad
Curry Leaf 1959,American,Hyderabad,4.6,₹,Madhapur
The Biryani Palace 1960,Indian,Hyderabad,4.4,₹₹₹,Banjara Hills
Paradise Flavors 1961,Chinese,Hyderabad,4.3,₹₹₹₹,Begumpet
Andhra Aroma 1962,Indian,Hyderabad,4.1,₹₹₹,Gachibowli
Charminar Treats 1963,American,Hyderabad,3.8,₹,Madhapur
Saffron Stories 1964,American,Hyderabad,4.7,₹,Gachibowli
The Nizam's Kitchen 1965,Italian,Hyderabad,3.6,₹₹₹,Banjara Hills
Saffron Stories 1966,Italian,Hyderabad,3.6,₹₹₹,Kondapur
Kebab Factory 1967,Italian,Hyderabad,3.7,₹,Madhapur
Deccan Spice 1968,Mexican,Hyderabad,4.2,₹₹₹,Gachibowli
Zafraan Grill 1969,Mughlai,Hyderabad,3.7,₹₹₹₹,Secunderabad
Paradise Flavors 1970,Andhra,Hyderabad,3.8,₹₹₹₹,Banjara Hills
Charminar Treats 1971,Indian,Hyderabad,3.9,₹₹₹₹,Secunderabad
Pearl City Tandoor 1972,Italian,Hyderabad,4.3,₹₹₹₹,Madhapur
Paradise Flavors 1973,Mughlai,Hyderabad,4.7,₹₹₹₹,Kondapur
Hyderabadi Haveli 1974,Indian,Hyderabad,3.8,₹,Hitech City
Paradise Flavors 1975,Mexican,Hyderabad,3.3,₹₹₹,Secunderabad
Deccan Spice 1976,Continental,Hyderabad,4.5,₹,Kondapur
Pearl City Tandoor 1977,Thai,Hyderabad,4.0,₹₹₹,Madhapur
Paradise Flavors 1978,Mughlai,Hyderabad,4.4,₹₹,Kondapur
Curry Leaf 1979,Thai,Hyderabad,5.0,₹,Hitech City
Curry Leaf 1980,Mexican,Hyderabad,4.6,₹₹₹,Jubilee Hills
Hyderabadi Haveli 1981,Thai,Hyderabad,3.9,₹₹,Gachibowli
Paradise Flavors 1982,Italian,Hyderabad,3.6,₹₹₹,Hitech City
Charminar Treats 1983,Mexican,Hyderabad,4.6,₹,Madhapur
Pearl City Tandoor 1984,Hyderabadi,Hyderabad,3.8,₹₹₹,Kondapur
Zafraan Grill 1985,Mexican,Hyderabad,4.2,₹₹,Begumpet
Zafraan Grill 1986,American,Hyderabad,3.7,₹₹,Secunderabad
Saffron Stories 1987,Chinese,Hyderabad,3.8,₹₹₹,Jubilee Hills
Pearl City Tandoor 1988,Thai,Hyderabad,3.2,₹₹₹,Hitech City
Mughlai Magic 1989,Chinese,Hyderabad,4.2,₹,Begumpet
Taste of Telangana 1990,Chinese,Hyderabad,4.1,₹₹₹₹,Gachibowli
Kebab Factory 1991,American,Hyderabad,3.6,₹₹₹,Secunderabad
Pearl City Tandoor 1992,Andhra,Hyderabad,4.2,₹,Jubilee Hills
Zafraan Grill 1993,Mughlai,Hyderabad,3.7,₹₹₹₹,Begumpet
Mughlai Magic 1994,American,Hyderabad,3.6,₹₹,Hitech City
Taste of Telangana 1995,Continental,Hyderabad,4.6,₹₹₹,Begumpet
The Nizam's Kitchen 1996,Andhra,Hyderabad,4.6,₹₹₹₹,Banjara Hills
Urban Tadka 1997,Italian,Hyderabad,5.0,₹₹₹₹,Banjara Hills
The Biryani Palace 1998,Mexican,Hyderabad,4.7,₹₹₹₹,Banjara Hills
Curry Leaf 1999,Italian,Hyderabad,3.2,₹₹₹₹,Banjara Hills